{"cameraMode":{"drawMode":0,"name":"Shaded","section":"Shading Mode"},"sceneLighting":false,"audioPlay":false,"sceneViewState":{"showFog":false,"showMaterialUpdate":false,"showSkybox":false,"showFlares":false,"showImageEffects":false,"showParticleSystems":false},"in2DMode":false,"pivot":{"x":3.5699996948242189,"y":3.9089999198913576,"z":21.469999313354493},"rotation":{"x":0.22873766720294953,"y":0.11707257479429245,"z":-0.0277204941958189,"w":0.9660258889198303},"size":2.853156805038452,"orthographic":false}