{"cameraMode":{"drawMode":0,"name":"Shaded","section":"Shading Mode"},"sceneLighting":false,"audioPlay":false,"sceneViewState":{"showFog":false,"showMaterialUpdate":false,"showSkybox":false,"showFlares":false,"showImageEffects":false,"showParticleSystems":false},"in2DMode":false,"pivot":{"x":-1.106964111328125,"y":-0.010000228881835938,"z":21.469999313354493},"rotation":{"x":0.3093985617160797,"y":-0.6014760732650757,"z":0.271855890750885,"w":0.6845393776893616},"size":57.15768051147461,"orthographic":false}