{"cameraMode":{"drawMode":0,"name":"Shaded","section":"Shading Mode"},"sceneLighting":false,"audioPlay":false,"sceneViewState":{"showFog":false,"showMaterialUpdate":false,"showSkybox":false,"showFlares":false,"showImageEffects":false,"showParticleSystems":false},"in2DMode":false,"pivot":{"x":-8.609336853027344,"y":-2.671332836151123,"z":-17.517942428588868},"rotation":{"x":0.17262502014636994,"y":-0.6720207333564758,"z":0.16552317142486573,"w":0.700855553150177},"size":28.311555862426759,"orthographic":false}